month,posts,median_score,zero_score
2023-04,460,7.0,14
2023-05,928,7.0,43
2023-06,1206,5.0,102
2023-07,1294,5.0,107
2023-08,1477,4.0,69
2023-09,1337,4.0,69
2023-10,1515,3.0,62
2023-11,1800,2.0,3
2023-12,2493,3.0,1
2024-01,2505,1.0,2
2024-02,2451,2.0,8
2024-03,2501,1.0,0
2024-04,3582,2.0,353
2024-05,3311,1.0,296
2024-06,2698,1.0,230
2024-07,2866,1.0,293
2024-08,3097,1.0,386
2024-09,3128,1.0,393
2024-10,3135,1.0,395
2024-11,2695,1.0,360
2024-12,3022,1.0,432
2025-01,5089,1.0,680
2025-02,4104,1.0,517
2025-03,3815,1.0,512
2025-04,3722,1.0,581
2025-05,3597,1.0,451
2025-06,2867,1.0,419
2025-07,3167,2.0,753
2025-08,4305,2.0,1288
2025-09,3101,3.0,693
2025-10,3086,3.0,755
2025-11,3178,1.0,1042
2025-12,3513,1.0,1085
2026-01,3765,1.0,1281
2026-02,5012,1.0,1763
2026-03,664,1.0,94
,193,5.0,7
